<?xml version="1.0" encoding="UTF-8"?>
<export version="D">
  <design>
    <source>/home/maik/KiCad_Projekte/AmpMeter/AmpMeter.sch</source>
    <date>Mi 09 Okt 2019 16:27:06 CEST</date>
    <tool>Eeschema 5.0.2-bee76a0~70~ubuntu18.04.1</tool>
    <sheet number="1" name="/" tstamps="/">
      <title_block>
        <title/>
        <company/>
        <rev/>
        <date/>
        <source>AmpMeter.sch</source>
        <comment number="1" value=""/>
        <comment number="2" value=""/>
        <comment number="3" value=""/>
        <comment number="4" value=""/>
      </title_block>
    </sheet>
  </design>
  <components>
    <comp ref="R18">
      <value>12k</value>
      <footprint>Resistor_SMD:R_1206_3216Metric</footprint>
      <datasheet>~</datasheet>
      <libsource lib="Device" part="R" description="Resistor"/>
      <sheetpath names="/" tstamps="/"/>
      <tstamp>5D73401F</tstamp>
    </comp>
    <comp ref="R17">
      <value>12k</value>
      <footprint>Resistor_SMD:R_1206_3216Metric</footprint>
      <datasheet>~</datasheet>
      <libsource lib="Device" part="R" description="Resistor"/>
      <sheetpath names="/" tstamps="/"/>
      <tstamp>5D734298</tstamp>
    </comp>
    <comp ref="R19">
      <value>100</value>
      <footprint>Resistor_SMD:R_1206_3216Metric</footprint>
      <datasheet>~</datasheet>
      <libsource lib="Device" part="R" description="Resistor"/>
      <sheetpath names="/" tstamps="/"/>
      <tstamp>5D73449C</tstamp>
    </comp>
    <comp ref="C4">
      <value>1µ</value>
      <footprint>Capacitor_THT:CP_Radial_D8.0mm_P5.00mm</footprint>
      <datasheet>~</datasheet>
      <libsource lib="Device" part="CP" description="Polarized capacitor"/>
      <sheetpath names="/" tstamps="/"/>
      <tstamp>5D73468C</tstamp>
    </comp>
    <comp ref="A1">
      <value>Arduino_Nano_v3.x</value>
      <footprint>Module:Arduino_Nano</footprint>
      <datasheet>http://www.mouser.com/pdfdocs/Gravitech_Arduino_Nano3_0.pdf</datasheet>
      <libsource lib="MCU_Module" part="Arduino_Nano_v3.x" description="Arduino Nano v3.x"/>
      <sheetpath names="/" tstamps="/"/>
      <tstamp>5D7347A1</tstamp>
    </comp>
    <comp ref="R21">
      <value>12k</value>
      <footprint>Resistor_SMD:R_1206_3216Metric</footprint>
      <datasheet>~</datasheet>
      <libsource lib="Device" part="R" description="Resistor"/>
      <sheetpath names="/" tstamps="/"/>
      <tstamp>5D735F88</tstamp>
    </comp>
    <comp ref="R20">
      <value>12k</value>
      <footprint>Resistor_SMD:R_1206_3216Metric</footprint>
      <datasheet>~</datasheet>
      <libsource lib="Device" part="R" description="Resistor"/>
      <sheetpath names="/" tstamps="/"/>
      <tstamp>5D735F8F</tstamp>
    </comp>
    <comp ref="R22">
      <value>100</value>
      <footprint>Resistor_SMD:R_1206_3216Metric</footprint>
      <datasheet>~</datasheet>
      <libsource lib="Device" part="R" description="Resistor"/>
      <sheetpath names="/" tstamps="/"/>
      <tstamp>5D735F96</tstamp>
    </comp>
    <comp ref="C5">
      <value>1µ</value>
      <footprint>Capacitor_THT:CP_Radial_D8.0mm_P5.00mm</footprint>
      <datasheet>~</datasheet>
      <libsource lib="Device" part="CP" description="Polarized capacitor"/>
      <sheetpath names="/" tstamps="/"/>
      <tstamp>5D735F9D</tstamp>
    </comp>
    <comp ref="R24">
      <value>12k</value>
      <footprint>Resistor_SMD:R_1206_3216Metric</footprint>
      <datasheet>~</datasheet>
      <libsource lib="Device" part="R" description="Resistor"/>
      <sheetpath names="/" tstamps="/"/>
      <tstamp>5D7360D8</tstamp>
    </comp>
    <comp ref="R23">
      <value>12k</value>
      <footprint>Resistor_SMD:R_1206_3216Metric</footprint>
      <datasheet>~</datasheet>
      <libsource lib="Device" part="R" description="Resistor"/>
      <sheetpath names="/" tstamps="/"/>
      <tstamp>5D7360DF</tstamp>
    </comp>
    <comp ref="R25">
      <value>100</value>
      <footprint>Resistor_SMD:R_1206_3216Metric</footprint>
      <datasheet>~</datasheet>
      <libsource lib="Device" part="R" description="Resistor"/>
      <sheetpath names="/" tstamps="/"/>
      <tstamp>5D7360E6</tstamp>
    </comp>
    <comp ref="C6">
      <value>1µ</value>
      <footprint>Capacitor_THT:CP_Radial_D8.0mm_P5.00mm</footprint>
      <datasheet>~</datasheet>
      <libsource lib="Device" part="CP" description="Polarized capacitor"/>
      <sheetpath names="/" tstamps="/"/>
      <tstamp>5D7360ED</tstamp>
    </comp>
    <comp ref="J3">
      <value>ct1</value>
      <footprint>AmpMeter:Jack_3.5mm_Horizontal</footprint>
      <datasheet>~</datasheet>
      <libsource lib="Connector" part="AudioJack3" description="Audio Jack, 3 Poles (Stereo / TRS)"/>
      <sheetpath names="/" tstamps="/"/>
      <tstamp>5D736C8B</tstamp>
    </comp>
    <comp ref="J4">
      <value>ct2</value>
      <footprint>AmpMeter:Jack_3.5mm_Horizontal</footprint>
      <datasheet>~</datasheet>
      <libsource lib="Connector" part="AudioJack3" description="Audio Jack, 3 Poles (Stereo / TRS)"/>
      <sheetpath names="/" tstamps="/"/>
      <tstamp>5D736D6A</tstamp>
    </comp>
    <comp ref="J5">
      <value>ct3</value>
      <footprint>AmpMeter:Jack_3.5mm_Horizontal</footprint>
      <datasheet>~</datasheet>
      <libsource lib="Connector" part="AudioJack3" description="Audio Jack, 3 Poles (Stereo / TRS)"/>
      <sheetpath names="/" tstamps="/"/>
      <tstamp>5D736F64</tstamp>
    </comp>
    <comp ref="PS1">
      <value>RAC01-05SGB</value>
      <footprint>AmpMeter:Converter_ACDC_HiLink_HLK-PMxx_THT</footprint>
      <datasheet>https://www.recom-power.com/pdf/Powerline-AC-DC/RAC01-GB.pdf</datasheet>
      <libsource lib="Converter_ACDC" part="RAC01-05SGB" description="1 Watt Single Output EMC Class B AC/DC 5V 200mA power supply with regulated and short-circuit-proof isolated DC outputs and low standby power consumption."/>
      <sheetpath names="/" tstamps="/"/>
      <tstamp>5D737455</tstamp>
    </comp>
    <comp ref="U1">
      <value>LTV-817</value>
      <footprint>Package_DIP:DIP-4_W7.62mm</footprint>
      <datasheet>http://www.us.liteon.com/downloads/LTV-817-827-847.PDF</datasheet>
      <libsource lib="Isolator" part="LTV-817" description="DC Optocoupler, Vce 35V, CTR 50%, DIP-4"/>
      <sheetpath names="/" tstamps="/"/>
      <tstamp>5D7527FC</tstamp>
    </comp>
    <comp ref="U2">
      <value>LTV-817</value>
      <footprint>Package_DIP:DIP-4_W7.62mm</footprint>
      <datasheet>http://www.us.liteon.com/downloads/LTV-817-827-847.PDF</datasheet>
      <libsource lib="Isolator" part="LTV-817" description="DC Optocoupler, Vce 35V, CTR 50%, DIP-4"/>
      <sheetpath names="/" tstamps="/"/>
      <tstamp>5D75287E</tstamp>
    </comp>
    <comp ref="R10">
      <value>1k</value>
      <footprint>Resistor_SMD:R_1206_3216Metric</footprint>
      <datasheet>~</datasheet>
      <libsource lib="Device" part="R" description="Resistor"/>
      <sheetpath names="/" tstamps="/"/>
      <tstamp>5D754C89</tstamp>
    </comp>
    <comp ref="R9">
      <value>560</value>
      <footprint>Resistor_SMD:R_1206_3216Metric</footprint>
      <datasheet>~</datasheet>
      <libsource lib="Device" part="R" description="Resistor"/>
      <sheetpath names="/" tstamps="/"/>
      <tstamp>5D758ACE</tstamp>
    </comp>
    <comp ref="R2">
      <value>1k</value>
      <footprint>Resistor_SMD:R_1206_3216Metric</footprint>
      <datasheet>~</datasheet>
      <libsource lib="Device" part="R" description="Resistor"/>
      <sheetpath names="/" tstamps="/"/>
      <tstamp>5D761BC4</tstamp>
    </comp>
    <comp ref="R1">
      <value>1k</value>
      <footprint>Resistor_SMD:R_1206_3216Metric</footprint>
      <datasheet>~</datasheet>
      <libsource lib="Device" part="R" description="Resistor"/>
      <sheetpath names="/" tstamps="/"/>
      <tstamp>5D7662CD</tstamp>
    </comp>
    <comp ref="F2">
      <value>Fuse</value>
      <footprint>Fuse:Fuseholder_TR5_Littelfuse_No560_No460</footprint>
      <datasheet>~</datasheet>
      <libsource lib="Device" part="Fuse" description="Fuse"/>
      <sheetpath names="/" tstamps="/"/>
      <tstamp>5D782751</tstamp>
    </comp>
    <comp ref="F1">
      <value>Fuse</value>
      <footprint>Fuse:Fuseholder_TR5_Littelfuse_No560_No460</footprint>
      <datasheet>~</datasheet>
      <libsource lib="Device" part="Fuse" description="Fuse"/>
      <sheetpath names="/" tstamps="/"/>
      <tstamp>5D782866</tstamp>
    </comp>
    <comp ref="J1">
      <value>Vin L1-L3</value>
      <footprint>TerminalBlock_Phoenix:TerminalBlock_Phoenix_MKDS-1,5-4_1x04_P5.00mm_Horizontal</footprint>
      <datasheet>~</datasheet>
      <libsource lib="Connector" part="Screw_Terminal_01x04" description="Generic screw terminal, single row, 01x04, script generated (kicad-library-utils/schlib/autogen/connector/)"/>
      <sheetpath names="/" tstamps="/"/>
      <tstamp>5D78DD9C</tstamp>
    </comp>
    <comp ref="J6">
      <value>ct L1-L3</value>
      <footprint>TerminalBlock_Phoenix:TerminalBlock_Phoenix_MKDS-1,5-6_1x06_P5.00mm_Horizontal</footprint>
      <datasheet>~</datasheet>
      <libsource lib="Connector" part="Screw_Terminal_01x06" description="Generic screw terminal, single row, 01x06, script generated (kicad-library-utils/schlib/autogen/connector/)"/>
      <sheetpath names="/" tstamps="/"/>
      <tstamp>5D78E074</tstamp>
    </comp>
    <comp ref="R3">
      <value>100k</value>
      <footprint>Resistor_SMD:R_1206_3216Metric</footprint>
      <datasheet>~</datasheet>
      <libsource lib="Device" part="R" description="Resistor"/>
      <sheetpath names="/" tstamps="/"/>
      <tstamp>5D7B65E5</tstamp>
    </comp>
    <comp ref="R4">
      <value>10k</value>
      <footprint>Resistor_SMD:R_1206_3216Metric</footprint>
      <datasheet>~</datasheet>
      <libsource lib="Device" part="R" description="Resistor"/>
      <sheetpath names="/" tstamps="/"/>
      <tstamp>5D7B6704</tstamp>
    </comp>
    <comp ref="R11">
      <value>470k</value>
      <footprint>Resistor_SMD:R_1206_3216Metric</footprint>
      <datasheet>~</datasheet>
      <libsource lib="Device" part="R" description="Resistor"/>
      <sheetpath names="/" tstamps="/"/>
      <tstamp>5D7B6805</tstamp>
    </comp>
    <comp ref="R12">
      <value>470k</value>
      <footprint>Resistor_SMD:R_1206_3216Metric</footprint>
      <datasheet>~</datasheet>
      <libsource lib="Device" part="R" description="Resistor"/>
      <sheetpath names="/" tstamps="/"/>
      <tstamp>5D7B6936</tstamp>
    </comp>
    <comp ref="C1">
      <value>1µ</value>
      <footprint>Capacitor_THT:CP_Radial_D8.0mm_P5.00mm</footprint>
      <datasheet>~</datasheet>
      <libsource lib="Device" part="CP" description="Polarized capacitor"/>
      <sheetpath names="/" tstamps="/"/>
      <tstamp>5D7B6A45</tstamp>
    </comp>
    <comp ref="F3">
      <value>Fuse</value>
      <footprint>Fuse:Fuseholder_TR5_Littelfuse_No560_No460</footprint>
      <datasheet>~</datasheet>
      <libsource lib="Device" part="Fuse" description="Fuse"/>
      <sheetpath names="/" tstamps="/"/>
      <tstamp>5D80FC9D</tstamp>
    </comp>
    <comp ref="R5">
      <value>100k</value>
      <footprint>Resistor_SMD:R_1206_3216Metric</footprint>
      <datasheet>~</datasheet>
      <libsource lib="Device" part="R" description="Resistor"/>
      <sheetpath names="/" tstamps="/"/>
      <tstamp>5D80FCA7</tstamp>
    </comp>
    <comp ref="R6">
      <value>10k</value>
      <footprint>Resistor_SMD:R_1206_3216Metric</footprint>
      <datasheet>~</datasheet>
      <libsource lib="Device" part="R" description="Resistor"/>
      <sheetpath names="/" tstamps="/"/>
      <tstamp>5D80FCAE</tstamp>
    </comp>
    <comp ref="R13">
      <value>470k</value>
      <footprint>Resistor_SMD:R_1206_3216Metric</footprint>
      <datasheet>~</datasheet>
      <libsource lib="Device" part="R" description="Resistor"/>
      <sheetpath names="/" tstamps="/"/>
      <tstamp>5D80FCB5</tstamp>
    </comp>
    <comp ref="R14">
      <value>470k</value>
      <footprint>Resistor_SMD:R_1206_3216Metric</footprint>
      <datasheet>~</datasheet>
      <libsource lib="Device" part="R" description="Resistor"/>
      <sheetpath names="/" tstamps="/"/>
      <tstamp>5D80FCBC</tstamp>
    </comp>
    <comp ref="C2">
      <value>1µ</value>
      <footprint>Capacitor_THT:CP_Radial_D8.0mm_P5.00mm</footprint>
      <datasheet>~</datasheet>
      <libsource lib="Device" part="CP" description="Polarized capacitor"/>
      <sheetpath names="/" tstamps="/"/>
      <tstamp>5D80FCC3</tstamp>
    </comp>
    <comp ref="F4">
      <value>Fuse</value>
      <footprint>Fuse:Fuseholder_TR5_Littelfuse_No560_No460</footprint>
      <datasheet>~</datasheet>
      <libsource lib="Device" part="Fuse" description="Fuse"/>
      <sheetpath names="/" tstamps="/"/>
      <tstamp>5D81BC4D</tstamp>
    </comp>
    <comp ref="R7">
      <value>100k</value>
      <footprint>Resistor_SMD:R_1206_3216Metric</footprint>
      <datasheet>~</datasheet>
      <libsource lib="Device" part="R" description="Resistor"/>
      <sheetpath names="/" tstamps="/"/>
      <tstamp>5D81BC55</tstamp>
    </comp>
    <comp ref="R8">
      <value>10k</value>
      <footprint>Resistor_SMD:R_1206_3216Metric</footprint>
      <datasheet>~</datasheet>
      <libsource lib="Device" part="R" description="Resistor"/>
      <sheetpath names="/" tstamps="/"/>
      <tstamp>5D81BC5C</tstamp>
    </comp>
    <comp ref="R15">
      <value>470k</value>
      <footprint>Resistor_SMD:R_1206_3216Metric</footprint>
      <datasheet>~</datasheet>
      <libsource lib="Device" part="R" description="Resistor"/>
      <sheetpath names="/" tstamps="/"/>
      <tstamp>5D81BC63</tstamp>
    </comp>
    <comp ref="R16">
      <value>470k</value>
      <footprint>Resistor_SMD:R_1206_3216Metric</footprint>
      <datasheet>~</datasheet>
      <libsource lib="Device" part="R" description="Resistor"/>
      <sheetpath names="/" tstamps="/"/>
      <tstamp>5D81BC6A</tstamp>
    </comp>
    <comp ref="C3">
      <value>1µ</value>
      <footprint>Capacitor_THT:CP_Radial_D8.0mm_P5.00mm</footprint>
      <datasheet>~</datasheet>
      <libsource lib="Device" part="CP" description="Polarized capacitor"/>
      <sheetpath names="/" tstamps="/"/>
      <tstamp>5D81BC71</tstamp>
    </comp>
    <comp ref="J2">
      <value>Serial</value>
      <footprint>TerminalBlock_Phoenix:TerminalBlock_Phoenix_MKDS-1,5-4_1x04_P5.00mm_Horizontal</footprint>
      <datasheet>~</datasheet>
      <libsource lib="Connector" part="Screw_Terminal_01x04" description="Generic screw terminal, single row, 01x04, script generated (kicad-library-utils/schlib/autogen/connector/)"/>
      <sheetpath names="/" tstamps="/"/>
      <tstamp>5D890DC0</tstamp>
    </comp>
    <comp ref="T1">
      <value>Transformer_1P_1S</value>
      <footprint>Transformer_THT:Transformer_Breve_TEZ-22x24</footprint>
      <datasheet>~</datasheet>
      <libsource lib="Device_maik" part="Transformer_1P_1S" description="Transformer, single primary, single secondary"/>
      <sheetpath names="/" tstamps="/"/>
      <tstamp>5D7FEAE4</tstamp>
    </comp>
    <comp ref="T2">
      <value>Transformer_1P_1S</value>
      <footprint>Transformer_THT:Transformer_Breve_TEZ-22x24</footprint>
      <datasheet>~</datasheet>
      <libsource lib="Device_maik" part="Transformer_1P_1S" description="Transformer, single primary, single secondary"/>
      <sheetpath names="/" tstamps="/"/>
      <tstamp>5D7FEBDB</tstamp>
    </comp>
    <comp ref="T3">
      <value>Transformer_1P_1S</value>
      <footprint>Transformer_THT:Transformer_Breve_TEZ-22x24</footprint>
      <datasheet>~</datasheet>
      <libsource lib="Device_maik" part="Transformer_1P_1S" description="Transformer, single primary, single secondary"/>
      <sheetpath names="/" tstamps="/"/>
      <tstamp>5D7FECE9</tstamp>
    </comp>
    <comp ref="C7">
      <value>10µ</value>
      <footprint>Capacitor_THT:CP_Radial_D8.0mm_P5.00mm</footprint>
      <datasheet>~</datasheet>
      <libsource lib="Device" part="CP" description="Polarized capacitor"/>
      <sheetpath names="/" tstamps="/"/>
      <tstamp>5D9F08DB</tstamp>
    </comp>
  </components>
  <libparts>
    <libpart lib="Connector" part="AudioJack3">
      <description>Audio Jack, 3 Poles (Stereo / TRS)</description>
      <docs>~</docs>
      <footprints>
        <fp>Jack*</fp>
      </footprints>
      <fields>
        <field name="Reference">J</field>
        <field name="Value">AudioJack3</field>
      </fields>
      <pins>
        <pin num="R" name="~" type="passive"/>
        <pin num="S" name="~" type="passive"/>
        <pin num="T" name="~" type="passive"/>
      </pins>
    </libpart>
    <libpart lib="Connector" part="Screw_Terminal_01x04">
      <description>Generic screw terminal, single row, 01x04, script generated (kicad-library-utils/schlib/autogen/connector/)</description>
      <docs>~</docs>
      <footprints>
        <fp>TerminalBlock*:*</fp>
      </footprints>
      <fields>
        <field name="Reference">J</field>
        <field name="Value">Screw_Terminal_01x04</field>
      </fields>
      <pins>
        <pin num="1" name="Pin_1" type="passive"/>
        <pin num="2" name="Pin_2" type="passive"/>
        <pin num="3" name="Pin_3" type="passive"/>
        <pin num="4" name="Pin_4" type="passive"/>
      </pins>
    </libpart>
    <libpart lib="Connector" part="Screw_Terminal_01x06">
      <description>Generic screw terminal, single row, 01x06, script generated (kicad-library-utils/schlib/autogen/connector/)</description>
      <docs>~</docs>
      <footprints>
        <fp>TerminalBlock*:*</fp>
      </footprints>
      <fields>
        <field name="Reference">J</field>
        <field name="Value">Screw_Terminal_01x06</field>
      </fields>
      <pins>
        <pin num="1" name="Pin_1" type="passive"/>
        <pin num="2" name="Pin_2" type="passive"/>
        <pin num="3" name="Pin_3" type="passive"/>
        <pin num="4" name="Pin_4" type="passive"/>
        <pin num="5" name="Pin_5" type="passive"/>
        <pin num="6" name="Pin_6" type="passive"/>
      </pins>
    </libpart>
    <libpart lib="Converter_ACDC" part="RAC01-xxSGB">
      <aliases>
        <alias>RAC01-05SGB</alias>
        <alias>RAC01-12SGB</alias>
        <alias>RAC01-3.3SGB</alias>
        <alias>RAC01-24SGB</alias>
      </aliases>
      <description>1 Watt Single Output EMC Class B AC/DC power supply with regulated and short-circuit-proof isolated DC outputs and low standby power consumption.</description>
      <docs>https://www.recom-power.com/pdf/Powerline-AC-DC/RAC01-GB.pdf</docs>
      <footprints>
        <fp>Converter*ACDC*RECOM*RAC01*SGB*THT*</fp>
      </footprints>
      <fields>
        <field name="Reference">PS</field>
        <field name="Value">RAC01-xxSGB</field>
        <field name="Footprint">Converter_ACDC:Converter_ACDC_RECOM_RAC01-xxSGB_THT</field>
      </fields>
      <pins>
        <pin num="1" name="AC(N)" type="power_in"/>
        <pin num="2" name="AC(L)" type="power_in"/>
        <pin num="3" name="Vout-" type="power_out"/>
        <pin num="4" name="Vout+" type="power_out"/>
      </pins>
    </libpart>
    <libpart lib="Device" part="CP">
      <description>Polarized capacitor</description>
      <docs>~</docs>
      <footprints>
        <fp>CP_*</fp>
      </footprints>
      <fields>
        <field name="Reference">C</field>
        <field name="Value">CP</field>
      </fields>
      <pins>
        <pin num="1" name="~" type="passive"/>
        <pin num="2" name="~" type="passive"/>
      </pins>
    </libpart>
    <libpart lib="Device" part="Fuse">
      <description>Fuse</description>
      <docs>~</docs>
      <footprints>
        <fp>*Fuse*</fp>
      </footprints>
      <fields>
        <field name="Reference">F</field>
        <field name="Value">Fuse</field>
      </fields>
      <pins>
        <pin num="1" name="~" type="passive"/>
        <pin num="2" name="~" type="passive"/>
      </pins>
    </libpart>
    <libpart lib="Device" part="R">
      <description>Resistor</description>
      <docs>~</docs>
      <footprints>
        <fp>R_*</fp>
      </footprints>
      <fields>
        <field name="Reference">R</field>
        <field name="Value">R</field>
      </fields>
      <pins>
        <pin num="1" name="~" type="passive"/>
        <pin num="2" name="~" type="passive"/>
      </pins>
    </libpart>
    <libpart lib="Device_maik" part="Transformer_1P_1S">
      <description>Transformer, single primary, single secondary</description>
      <docs>~</docs>
      <fields>
        <field name="Reference">T</field>
        <field name="Value">Transformer_1P_1S</field>
      </fields>
      <pins>
        <pin num="1" name="AA" type="passive"/>
        <pin num="4" name="AB" type="passive"/>
        <pin num="6" name="SA" type="passive"/>
        <pin num="7" name="SB" type="passive"/>
      </pins>
    </libpart>
    <libpart lib="Isolator" part="LTV-817">
      <description>DC Optocoupler, Vce 35V, CTR 50%, DIP-4</description>
      <docs>http://www.us.liteon.com/downloads/LTV-817-827-847.PDF</docs>
      <footprints>
        <fp>DIP*W7.62mm*</fp>
      </footprints>
      <fields>
        <field name="Reference">U</field>
        <field name="Value">LTV-817</field>
        <field name="Footprint">Package_DIP:DIP-4_W7.62mm</field>
      </fields>
      <pins>
        <pin num="1" name="~" type="passive"/>
        <pin num="2" name="~" type="passive"/>
        <pin num="3" name="~" type="passive"/>
        <pin num="4" name="~" type="passive"/>
      </pins>
    </libpart>
    <libpart lib="MCU_Module" part="Arduino_Nano_v3.x">
      <aliases>
        <alias>Arduino_Nano_v2.x</alias>
      </aliases>
      <description>Arduino Nano v3.x</description>
      <docs>http://www.mouser.com/pdfdocs/Gravitech_Arduino_Nano3_0.pdf</docs>
      <footprints>
        <fp>Arduino*Nano*</fp>
      </footprints>
      <fields>
        <field name="Reference">A</field>
        <field name="Value">Arduino_Nano_v3.x</field>
        <field name="Footprint">Module:Arduino_Nano</field>
      </fields>
      <pins>
        <pin num="1" name="D1/TX" type="BiDi"/>
        <pin num="2" name="D0/RX" type="BiDi"/>
        <pin num="3" name="RESET" type="input"/>
        <pin num="4" name="GND" type="power_in"/>
        <pin num="5" name="D2" type="BiDi"/>
        <pin num="6" name="D3" type="BiDi"/>
        <pin num="7" name="D4" type="BiDi"/>
        <pin num="8" name="D5" type="BiDi"/>
        <pin num="9" name="D6" type="BiDi"/>
        <pin num="10" name="D7" type="BiDi"/>
        <pin num="11" name="D8" type="BiDi"/>
        <pin num="12" name="D9" type="BiDi"/>
        <pin num="13" name="D10" type="BiDi"/>
        <pin num="14" name="D11" type="BiDi"/>
        <pin num="15" name="D12" type="BiDi"/>
        <pin num="16" name="D13" type="BiDi"/>
        <pin num="17" name="3V3" type="power_out"/>
        <pin num="18" name="AREF" type="input"/>
        <pin num="19" name="A0" type="BiDi"/>
        <pin num="20" name="A1" type="BiDi"/>
        <pin num="21" name="A2" type="BiDi"/>
        <pin num="22" name="A3" type="BiDi"/>
        <pin num="23" name="A4" type="BiDi"/>
        <pin num="24" name="A5" type="BiDi"/>
        <pin num="25" name="A6" type="BiDi"/>
        <pin num="26" name="A7" type="BiDi"/>
        <pin num="27" name="+5V" type="power_out"/>
        <pin num="28" name="RESET" type="input"/>
        <pin num="29" name="GND" type="power_in"/>
        <pin num="30" name="VIN" type="power_in"/>
      </pins>
    </libpart>
  </libparts>
  <libraries>
    <library logical="Connector">
      <uri>/usr/share/kicad/library/Connector.lib</uri>
    </library>
    <library logical="Converter_ACDC">
      <uri>/usr/share/kicad/library/Converter_ACDC.lib</uri>
    </library>
    <library logical="Device">
      <uri>/usr/share/kicad/library/Device.lib</uri>
    </library>
    <library logical="Device_maik">
      <uri>/home/maik/KiCad_Projekte/AmpMeter/Device_maik.lib</uri>
    </library>
    <library logical="Isolator">
      <uri>/usr/share/kicad/library/Isolator.lib</uri>
    </library>
    <library logical="MCU_Module">
      <uri>/usr/share/kicad/library/MCU_Module.lib</uri>
    </library>
  </libraries>
  <nets>
    <net code="1" name="Net-(C2-Pad1)">
      <node ref="T2" pin="6"/>
      <node ref="R6" pin="2"/>
      <node ref="R13" pin="2"/>
      <node ref="R14" pin="1"/>
      <node ref="C2" pin="1"/>
    </net>
    <net code="2" name="Net-(F3-Pad1)">
      <node ref="F3" pin="1"/>
      <node ref="T2" pin="1"/>
    </net>
    <net code="3" name="Net-(F3-Pad2)">
      <node ref="F3" pin="2"/>
      <node ref="J1" pin="2"/>
    </net>
    <net code="4" name="Net-(F1-Pad2)">
      <node ref="F1" pin="2"/>
      <node ref="J1" pin="3"/>
      <node ref="F2" pin="2"/>
    </net>
    <net code="5" name="Net-(F4-Pad1)">
      <node ref="T3" pin="1"/>
      <node ref="F4" pin="1"/>
    </net>
    <net code="6" name="Net-(F4-Pad2)">
      <node ref="F4" pin="2"/>
      <node ref="J1" pin="1"/>
    </net>
    <net code="7" name="Net-(R5-Pad1)">
      <node ref="R5" pin="1"/>
      <node ref="T2" pin="7"/>
    </net>
    <net code="8" name="Net-(R3-Pad1)">
      <node ref="T1" pin="7"/>
      <node ref="R3" pin="1"/>
    </net>
    <net code="9" name="Net-(C1-Pad1)">
      <node ref="R11" pin="2"/>
      <node ref="T1" pin="6"/>
      <node ref="R4" pin="2"/>
      <node ref="R12" pin="1"/>
      <node ref="C1" pin="1"/>
    </net>
    <net code="10" name="Net-(J2-Pad3)">
      <node ref="J2" pin="3"/>
      <node ref="U1" pin="2"/>
    </net>
    <net code="11" name="Net-(J2-Pad2)">
      <node ref="R1" pin="2"/>
      <node ref="J2" pin="2"/>
      <node ref="U2" pin="4"/>
    </net>
    <net code="12" name="ct2_1">
      <node ref="C5" pin="1"/>
      <node ref="J4" pin="T"/>
      <node ref="R22" pin="2"/>
      <node ref="R20" pin="2"/>
      <node ref="R21" pin="2"/>
      <node ref="J6" pin="3"/>
    </net>
    <net code="13" name="ct1_2">
      <node ref="J3" pin="S"/>
      <node ref="A1" pin="21"/>
      <node ref="R19" pin="1"/>
      <node ref="J6" pin="2"/>
    </net>
    <net code="14" name="ct1_1">
      <node ref="J3" pin="T"/>
      <node ref="C4" pin="1"/>
      <node ref="R19" pin="2"/>
      <node ref="R17" pin="2"/>
      <node ref="R18" pin="2"/>
      <node ref="J6" pin="1"/>
    </net>
    <net code="15" name="Net-(A1-Pad28)">
      <node ref="A1" pin="28"/>
      <node ref="C7" pin="1"/>
    </net>
    <net code="16" name="Net-(R7-Pad1)">
      <node ref="T3" pin="7"/>
      <node ref="R7" pin="1"/>
    </net>
    <net code="17" name="Net-(C3-Pad1)">
      <node ref="C3" pin="1"/>
      <node ref="R8" pin="2"/>
      <node ref="R15" pin="2"/>
      <node ref="R16" pin="1"/>
      <node ref="T3" pin="6"/>
    </net>
    <net code="18" name="Net-(J1-Pad4)">
      <node ref="J1" pin="4"/>
      <node ref="PS1" pin="1"/>
      <node ref="T3" pin="4"/>
      <node ref="T2" pin="4"/>
      <node ref="T1" pin="4"/>
    </net>
    <net code="19" name="Net-(F2-Pad1)">
      <node ref="T1" pin="1"/>
      <node ref="F2" pin="1"/>
    </net>
    <net code="20" name="Net-(A1-Pad22)">
      <node ref="R3" pin="2"/>
      <node ref="R4" pin="1"/>
      <node ref="A1" pin="22"/>
    </net>
    <net code="21" name="Net-(A1-Pad30)">
      <node ref="R13" pin="1"/>
      <node ref="R10" pin="1"/>
      <node ref="PS1" pin="4"/>
      <node ref="R17" pin="1"/>
      <node ref="R23" pin="1"/>
      <node ref="R9" pin="1"/>
      <node ref="R11" pin="1"/>
      <node ref="R15" pin="1"/>
      <node ref="A1" pin="30"/>
      <node ref="R20" pin="1"/>
    </net>
    <net code="22" name="Net-(A1-Pad24)">
      <node ref="A1" pin="24"/>
      <node ref="R7" pin="2"/>
      <node ref="R8" pin="1"/>
    </net>
    <net code="23" name="Net-(A1-Pad23)">
      <node ref="A1" pin="23"/>
      <node ref="R5" pin="2"/>
      <node ref="R6" pin="1"/>
    </net>
    <net code="24" name="Net-(J5-PadR)">
      <node ref="J5" pin="R"/>
    </net>
    <net code="25" name="Net-(F1-Pad1)">
      <node ref="PS1" pin="2"/>
      <node ref="F1" pin="1"/>
    </net>
    <net code="26" name="ct3_2">
      <node ref="J5" pin="S"/>
      <node ref="A1" pin="19"/>
      <node ref="J6" pin="6"/>
      <node ref="R25" pin="1"/>
    </net>
    <net code="27" name="Net-(J4-PadR)">
      <node ref="J4" pin="R"/>
    </net>
    <net code="28" name="Net-(J3-PadR)">
      <node ref="J3" pin="R"/>
    </net>
    <net code="29" name="ct3_1">
      <node ref="J5" pin="T"/>
      <node ref="R24" pin="2"/>
      <node ref="J6" pin="5"/>
      <node ref="R23" pin="2"/>
      <node ref="C6" pin="1"/>
      <node ref="R25" pin="2"/>
    </net>
    <net code="30" name="ct2_2">
      <node ref="R22" pin="1"/>
      <node ref="A1" pin="20"/>
      <node ref="J4" pin="S"/>
      <node ref="J6" pin="4"/>
    </net>
    <net code="31" name="Net-(A1-Pad13)">
      <node ref="A1" pin="13"/>
    </net>
    <net code="32" name="Net-(A1-Pad18)">
      <node ref="A1" pin="18"/>
    </net>
    <net code="33" name="Net-(A1-Pad17)">
      <node ref="A1" pin="17"/>
    </net>
    <net code="34" name="Net-(A1-Pad16)">
      <node ref="A1" pin="16"/>
    </net>
    <net code="35" name="Net-(A1-Pad15)">
      <node ref="A1" pin="15"/>
    </net>
    <net code="36" name="Net-(A1-Pad14)">
      <node ref="A1" pin="14"/>
    </net>
    <net code="37" name="Net-(A1-Pad12)">
      <node ref="A1" pin="12"/>
    </net>
    <net code="38" name="Net-(A1-Pad11)">
      <node ref="A1" pin="11"/>
    </net>
    <net code="39" name="Net-(A1-Pad10)">
      <node ref="A1" pin="10"/>
    </net>
    <net code="40" name="Net-(A1-Pad8)">
      <node ref="A1" pin="8"/>
    </net>
    <net code="41" name="Net-(A1-Pad9)">
      <node ref="A1" pin="9"/>
    </net>
    <net code="42" name="Net-(A1-Pad7)">
      <node ref="A1" pin="7"/>
    </net>
    <net code="43" name="Net-(A1-Pad6)">
      <node ref="A1" pin="6"/>
    </net>
    <net code="44" name="Net-(A1-Pad5)">
      <node ref="A1" pin="5"/>
    </net>
    <net code="45" name="Net-(A1-Pad3)">
      <node ref="A1" pin="3"/>
    </net>
    <net code="46" name="Net-(A1-Pad27)">
      <node ref="A1" pin="27"/>
    </net>
    <net code="47" name="Net-(A1-Pad26)">
      <node ref="A1" pin="26"/>
    </net>
    <net code="48" name="Net-(A1-Pad25)">
      <node ref="A1" pin="25"/>
    </net>
    <net code="49" name="Net-(J2-Pad1)">
      <node ref="U2" pin="3"/>
      <node ref="J2" pin="1"/>
    </net>
    <net code="50" name="Net-(R9-Pad2)">
      <node ref="R9" pin="2"/>
      <node ref="U2" pin="1"/>
    </net>
    <net code="51" name="Net-(A1-Pad2)">
      <node ref="U1" pin="4"/>
      <node ref="A1" pin="2"/>
      <node ref="R10" pin="2"/>
    </net>
    <net code="52" name="Net-(A1-Pad1)">
      <node ref="A1" pin="1"/>
      <node ref="U2" pin="2"/>
    </net>
    <net code="53" name="Net-(J2-Pad4)">
      <node ref="R2" pin="2"/>
      <node ref="J2" pin="4"/>
      <node ref="R1" pin="1"/>
    </net>
    <net code="54" name="Net-(R2-Pad1)">
      <node ref="R2" pin="1"/>
      <node ref="U1" pin="1"/>
    </net>
    <net code="55" name="Net-(A1-Pad29)">
      <node ref="C4" pin="2"/>
      <node ref="U1" pin="3"/>
      <node ref="C2" pin="2"/>
      <node ref="R14" pin="2"/>
      <node ref="C3" pin="2"/>
      <node ref="R16" pin="2"/>
      <node ref="R18" pin="1"/>
      <node ref="A1" pin="4"/>
      <node ref="C7" pin="2"/>
      <node ref="C6" pin="2"/>
      <node ref="R21" pin="1"/>
      <node ref="A1" pin="29"/>
      <node ref="PS1" pin="3"/>
      <node ref="R12" pin="2"/>
      <node ref="R24" pin="1"/>
      <node ref="C5" pin="2"/>
      <node ref="C1" pin="2"/>
    </net>
  </nets>
</export>
